,word,count,mean
3,12a,1,0.874528801080175
891,refreshing,3,0.49447746799980785
791,partner,1,0.4910431988189762
395,fabulous,1,0.43347742568048897
86,aside,1,0.42184082796893857
524,ho,1,0.38889591324187517
1162,uv,1,0.3605240262948581
167,brilliant,15,0.3598842453214331
679,masterpiece,3,0.35001927902425667
380,excellent,16,0.3327697184359187
56,amazing,7,0.3074414056189992
288,describe,1,0.30613595516668995
1053,superb,5,0.30507503565577637
404,fans,5,0.2995941702817715
1163,v,2,0.2957929182394614
1172,viewing,1,0.29047527368549175
489,groundhog,2,0.2804271726194995
104,awesome,1,0.270753361222766
316,disc,2,0.2588292978269935
171,bruce,1,0.2541681155909541
723,national,1,0.2524985717160728
500,happy,1,0.2511407168457792
479,great,84,0.25030778060140924
1074,thank,1,0.24909870561009426
666,loves,4,0.24688547574746972
289,described,1,0.24318878499368587
731,nicely,1,0.24141769646346922
992,sorted,1,0.2414158844108525
405,fantastic,6,0.23890751965684742
439,fleshing,1,0.23177763022645884
991,sort,4,0.2280078017169433
664,loved,19,0.22217188707489574
663,love,20,0.22114684301878426
83,arrived,2,0.21683401573088326
359,enjoyed,35,0.20876981636796654
774,outstanding,2,0.20662234625314807
356,engrossing,1,0.20210068524152924
862,quality,2,0.19973730023862807
170,brought,1,0.19910394343872878
429,finally,1,0.19007618254007996
357,enjoy,20,0.18818495430388835
4,1600,1,0.1875111938140726
350,end,6,0.1816706714283848
1090,thoroughly,3,0.1810639790470431
747,numbers,2,0.17864997213468525
244,consensus,1,0.17712963540144974
480,greater,2,0.17699877765818667
746,number,3,0.17373429222509842
460,gerrard,2,0.1705454905826963
403,fan,4,0.17029333029367114
853,product,1,0.16876338367110966
783,packed,4,0.16856824805056972
226,come,3,0.16819133054085897
448,free,1,0.16807672308537625
804,perfect,3,0.16586289723966904
77,appear,1,0.15197792136801977
1247,years,1,0.14881140043739027
474,gosling,1,0.1479720438411507
801,penny,1,0.14599239088115445
139,bland,1,0.14145790294944985
481,greatest,2,0.14049692320516505
750,obviously,2,0.1391587675018539
387,expectations,1,0.13773806841664754
1093,thrilling,1,0.136502092713759
1236,worthy,1,0.1364184137455828
945,scifi,10,0.13623197121058783
881,recommend,15,0.13320154028514616
1032,strange,1,0.13254584151404689
1019,steel,2,0.13237169979264699
202,chapter,4,0.13213180331639496
1232,worried,1,0.13194369099445916
16,4,2,0.1300366445537865
358,enjoyable,20,0.1265928961280109
882,recommended,6,0.12515845737342968
27,abound,1,0.12232754649145842
38,actions,2,0.12204173050754688
318,distraction,1,0.11850757473389031
426,films,18,0.11478566818329698
733,nitpicky,1,0.11312126221650917
854,production,3,0.11208450562338941
281,defiant,1,0.11088380980357274
312,disappoint,1,0.11086916665839643
35,action,72,0.11036289537049121
6,1982,1,0.11033181748829028
1066,team,2,0.10959876997402383
459,gerard,2,0.10917883749772006
810,philosophy,1,0.10854656893742351
339,edge,4,0.10521126881206946
1134,tweaks,1,0.103819233172073
282,definitely,6,0.10333866323574459
179,buy,4,0.10272157343624
1171,view,1,0.10144058789431026
730,nice,8,0.10003106189951534
347,emotion,2,0.09891301356027754
689,memorable,1,0.09885875748541854
781,packaged,1,0.09842346560680892
716,moviesthe,1,0.09552233743607945
557,impressive,1,0.09394990106210811
1039,stunning,4,0.09334530417476625
1029,storywise,1,0.09301513785353721
1100,tin,1,0.09159956080198163
277,dear,1,0.08928717210617702
908,required,1,0.08905323856545594
349,emotions,1,0.08884254937961372
425,film,99,0.08780354775814528
1078,theirs,1,0.0877473010704562
1058,surreal,1,0.08759492219284164
188,carried,1,0.08714426778802979
577,interviews,1,0.08649951180197044
1150,unmissable,1,0.08569664679283562
128,best,19,0.08417319564400891
967,shone,1,0.08322059408439683
321,done,1,0.08007026815656655
677,mash,1,0.07959826132357396
616,kong,9,0.07867522946214232
92,atmospheric,1,0.07802813187057622
843,present,2,0.07675020186983325
402,family,3,0.0758769884590637
1012,stand,1,0.0752156787068824
1048,suit,1,0.07416066562414833
780,package,2,0.07412119578387551
1149,uninteresting,1,0.07254640392391404
214,classic,8,0.07225224594914452
935,satisfying,1,0.07169686172375839
262,cult,1,0.0713736657312132
427,final,2,0.06819172328283885
1181,waiting,2,0.06819099064454935
468,good,121,0.06730658518470929
1179,wait,14,0.06596730745484332
610,kind,1,0.06463468787280932
73,apes,1,0.0645911651903799
1068,teenagers,1,0.06446773876697538
519,highly,1,0.06422752215429123
699,minis,1,0.06268435384178826
180,c,1,0.062431836908988514
725,need,1,0.06242596161579949
691,men,3,0.06218493678134084
182,came,3,0.06215491738865073
943,sci,1,0.06185190940894364
64,animals,1,0.06067747465657035
714,movie,39,0.05998085873216055
929,runtime,1,0.05747583972613815
833,potential,1,0.05551955050393852
779,pack,1,0.05508544029765168
364,entertaining,9,0.05485776972712907
485,gripping,2,0.054113845970665916
512,helicopters,2,0.05396610676357774
732,nightmare,1,0.052228956843624205
572,intelligent,1,0.05157188901378105
554,immensely,1,0.05128256953903523
851,probably,1,0.05085949671413479
409,fast,1,0.05033785257951597
932,sad,1,0.04996472530799169
1035,struggling,1,0.04934898483218326
285,delivery,2,0.04909008496222393
1056,surprise,1,0.049023201258605514
250,count,1,0.04805182433907486
1225,wonderful,1,0.047384047129251206
155,boredom,1,0.046016017206787864
20,5,3,0.04460960260833847
212,chris,2,0.04398823834677901
434,finish,2,0.04379159980171237
907,require,1,0.04371020252880482
982,slwed,1,0.04362195034634562
947,seat,3,0.0436100467793413
303,different,4,0.043603502508204425
836,pratt,9,0.043452636763704186
948,second,2,0.04344782659755735
834,practical,1,0.043359684967518
335,dvd,9,0.04304936625762618
1038,stuff,3,0.04282760298947665
79,appearing,1,0.04269869121929055
939,scenery,1,0.04230980229599405
591,jogs,1,0.04210044816515968
715,movies,4,0.041371307347919294
478,gratuitous,1,0.04010795942198972
1192,watching,14,0.0398544314236725
147,body,1,0.039625099938321466
1117,trappings,1,0.03952170687957889
1006,spiritual,1,0.0394979831542922
195,cast,2,0.03873248806631746
914,riding,1,0.03761023279933668
1185,was,8,0.03746968141789255
797,patient,1,0.03711150985551846
1127,true,1,0.036001680394216695
1002,spend,1,0.0359484004968869
1061,system,1,0.035594484193610165
893,reilly,1,0.035326797743626966
638,like,15,0.03530395857172142
363,entertained,3,0.03466651171783763
231,common,1,0.03463935061812575
367,epic,1,0.034511368956182134
383,exciting,3,0.034045291470801646
200,change,2,0.03361154343233184
533,hopelessly,1,0.03350168031667562
453,future,1,0.033305788933661006
1004,spent,2,0.03320586508460877
234,compared,1,0.03311196658232634
558,improvement,1,0.03302815639672142
1180,waited,1,0.03278556164786464
1037,studded,1,0.03230389214416579
630,lesson,1,0.03227790763951542
279,decisions,1,0.032162939217876906
445,format,1,0.03193532398589681
996,spectacle,1,0.031787025886183755
162,bought,4,0.031465756499683695
196,centre,1,0.0307637692723187
103,awareness,1,0.029854736467461285
600,keanu,1,0.02985333724510563
78,appeared,1,0.02870336320297325
978,slightly,2,0.02852204840707863
598,jw,1,0.02825157645080995
239,conceit,1,0.028184997902612335
280,deep,1,0.02812296097662112
390,experience,1,0.028029384637324666
509,hearted,1,0.027600703762668658
1096,time,12,0.027580012380660813
346,embarrassed,1,0.027008532774927683
812,piling,1,0.026881297713346044
394,eyes,1,0.026502878062002574
236,complete,1,0.026163931220739668
1217,wise,1,0.025840977393666673
867,rather,2,0.025833059862524942
718,much,5,0.025383555009643427
962,set,1,0.025052784582116027
972,similarities,1,0.024451036296825282
1166,vast,1,0.02427382578223942
612,kingsmen,1,0.023418054740007604
344,element,1,0.02310953518746042
1239,write,1,0.022937533158785228
107,awkwardly,1,0.022898741655063448
372,escapism,2,0.022668898910786994
998,speculations,1,0.022094503604160144
127,belive,1,0.021970716241506278
164,box,2,0.02182313762033025
617,kongs,1,0.02172840533074888
644,listen,1,0.021541462443069797
639,liked,2,0.021389628353156803
654,long,4,0.02097942188753785
1141,underlying,1,0.020654838663728272
273,day,1,0.020265864527829826
642,lineless,1,0.0200441244366728
1017,started,1,0.019996492051994844
1223,won,1,0.019617806297778175
223,coherent,1,0.01961647040386891
220,closing,1,0.01946586788018019
465,glasses,1,0.019114901677909607
1214,win,2,0.019053055891941242
1205,whiles,1,0.018879504225129788
190,cartel,1,0.017676984250766466
408,farce,1,0.017476605198591313
499,happensif,1,0.01736228984799415
384,execrable,1,0.017256633025927903
467,godzilla,1,0.017101905993842148
829,popcorn,1,0.016890374439042562
1235,worth,19,0.016788392374423835
259,credible,1,0.01663514604677244
657,looking,1,0.016512952324623284
1021,still,1,0.015962667923933353
1057,surprises,1,0.015475695352971493
1189,watch,30,0.01545102994181819
749,obvious,3,0.015393270081754548
660,lot,1,0.01535340820405026
122,beautiful,1,0.015211323898074062
623,laugh,1,0.014942534735961627
959,sentimentality,1,0.014852265254590494
221,cloying,1,0.01454212555327081
401,fallen,1,0.014472389536720856
1063,talking,1,0.013894810073079243
681,me,1,0.01375953886807358
1034,streaming,1,0.01375348264843546
26,a,25,0.01367288385200841
1103,tmt5,1,0.013370089682643851
432,fine,3,0.013203308933403763
674,marines,1,0.013182537369506652
544,humm,1,0.012596430403990154
655,longevity,1,0.01253025565833511
249,copythere,1,0.012430525093397546
1102,titles,1,0.012345488927479002
761,olympus,1,0.012175499431336289
113,balderdash,1,0.012074441274280378
1092,thoughtprovoking,1,0.01192407143401374
442,forever,1,0.01181494378202897
81,arcsoft,1,0.011762031061060723
1173,villeneuve,1,0.011748841618149354
82,are,2,0.011573293279053994
61,amnesia,1,0.011450516431667198
9,2017,1,0.011328891786442434
1043,sub,1,0.011278875516602326
1250,your,3,0.011142430058723249
348,emotional,2,0.01113557047643449
229,comes,1,0.011022910722207582
490,grunts,1,0.010965920339880407
986,so,3,0.010940364745213836
814,pixelated,1,0.010878163233256192
1161,utterly,1,0.010779287972092978
371,equals,1,0.01071140834672014
1046,succession,1,0.010624711346043742
920,ron,1,0.010477959819121916
697,mildly,1,0.010278254705880221
788,paradox,1,0.010208871739709599
529,hoooo,1,0.01019284532848545
451,full,1,0.01011348935814137
1016,start,4,0.010065152465296441
428,finale,1,0.010045361916419453
579,isa,1,0.010012991541720905
370,equal,1,0.009807810981147264
806,peril,1,0.009752836139114703
545,humour,5,0.009739315392348631
41,adverse,1,0.009356937253504002
50,alienstakingover,1,0.009274909255507256
970,silly,2,0.009164892692161909
437,fit,1,0.009131298235213525
178,but,11,0.008919145088212215
680,matrix,1,0.008639350158839824
204,characterisations,1,0.008630922133398238
1109,too,4,0.008628349469178757
292,despatched,1,0.008564791070862778
817,plane,1,0.008499315928819426
343,effortsand,1,0.008358192956593635
896,released,1,0.008304169830504539
501,hard,1,0.008303333996067107
1122,triology,1,0.00820216980691294
203,characterisation,1,0.00813698174604397
1208,whole,1,0.008106430389266247
296,devoid,1,0.008019528653900149
1238,would,6,0.00793770494270053
1020,stephen,2,0.007880764054341714
123,been,2,0.00783913253810731
954,seenawaste,1,0.007797432728456087
450,from,1,0.007688831230976044
54,also,1,0.007600169051830932
605,kiddies,1,0.0075603471880305246
551,identity,1,0.007382560421155214
67,answer,1,0.007164782799143577
1200,welcome,1,0.007065091988634072
874,really,5,0.00704215811514029
556,impression,1,0.007029568316948193
852,problem,1,0.007011288958445258
47,aircraft,1,0.00699197508385915
444,forgettable,1,0.00691093830761097
498,hankslangdonhowardbrown,1,0.006859400830141896
863,quit,1,0.00676028843788566
964,shall,1,0.006723356766823652
555,important,1,0.006674211111866849
1083,they,4,0.006580850184426898
66,another,1,0.006545877995172854
351,ending,4,0.00633243792993271
538,hot,1,0.0062883712706076796
987,social,1,0.006188061698384266
315,disappointment,1,0.005897907986698985
1153,unrealthe,1,0.005872036653626099
687,media,1,0.005867317604189087
12,3,8,0.005801119572127968
762,on,5,0.005735055350563889
975,skip,1,0.005705505802785937
1087,thisit,1,0.00562451971382285
191,cartoonish,1,0.005599020955775355
1191,watched,7,0.005496909520657561
734,no,2,0.005419018810792552
795,patch,3,0.005417099211378781
775,outstayed,1,0.0052726185240703285
72,apartment,1,0.005214061124224701
1215,winded,1,0.005131203599189335
25,90,1,0.005118084135388091
119,be,5,0.005024178404935163
299,didnt,2,0.004972378055477263
601,keeps,2,0.004880691505706622
495,hand,1,0.004879722764996928
463,girl,1,0.004664951690784632
792,parts,1,0.0045853459444814065
186,capable,1,0.004563561814773195
919,romp,2,0.004435848467195315
1110,top,2,0.00421779867296428
984,smirking,1,0.0041727230185488315
584,its,3,0.004150536145277789
57,amazon,10,0.0040570847698346455
1077,the,40,0.004047914618713547
59,american,1,0.004041544968271259
265,da,2,0.003980475844140491
101,award,1,0.003920185562145895
436,first,6,0.0036805611688376927
944,scientist,1,0.003637831945628756
63,and,17,0.0036112376165942065
548,i,13,0.0035727440807546075
441,for,4,0.003496293685176653
1086,this,8,0.0034289815120161654
1101,tired,1,0.00335862330139652
904,repeatalien,1,0.003337345975573337
1248,you,3,0.0032785031607348966
848,primary,1,0.0032734134684889796
889,reduced,1,0.00322215826188092
942,schmaltzy,1,0.0031647130564616643
330,dross,2,0.003135269514448494
613,know,3,0.0031203668012015876
1065,teachers,1,0.0031179308845265758
703,miscast,1,0.00306313521149899
173,buckets,1,0.003013388817793294
1182,want,1,0.0024758464494091595
1184,warned,1,0.0024512889785302337
700,mins,1,0.002358317591033764
1241,writing,1,0.002315926721104021
18,45mins,1,0.002292808561585535
713,most,1,0.002260454598521502
1196,we,2,0.0021984472908770075
578,is,8,0.0019738475262783117
1176,violenceworth,1,0.0019056515477505385
159,both,1,0.001747199241334811
332,due,1,0.0015214589916388193
602,kenu,1,0.001451865715144171
1210,why,1,0.0014285323081350383
37,actionbut,1,0.0014137264644820083
1114,town,1,0.0013869047011301082
1251,zero,1,0.0012810916621394859
859,proved,1,0.001268361447949528
711,monsters,1,0.0012581880620478238
1105,together,1,0.0012547259939511895
502,has,1,0.0012546475249773327
764,one,3,0.0012200184654751714
105,awesomethe,1,0.0012142187717499732
540,how,2,0.0012028296051614894
393,extremely,1,0.001169677745030817
1242,written,1,0.0011620678136773726
995,special,8,0.0011580861841673806
596,just,5,0.0011322315472159041
308,directed,1,0.0010819167909799435
952,seemed,1,0.0009183650323516188
581,it,14,0.0007359840608792753
1104,to,8,0.000735772023676346
1168,version,2,0.0006836862949616777
739,not,18,0.0006655484984433568
151,bonds,3,0.0005395333159373868
560,incoherent,2,0.00026294570929987025
776,over,1,5.353085716120183e-05
720,must,1,4.695882787171709e-05
866,rated,1,2.5816628303510786e-05
70,anyone,1,1.8505852926629918e-05
950,see,1,1.64870058478242e-05
763,once,1,1.432343495864318e-05
62,an,1,1.3937790933776671e-05
937,saying,1,9.200620458968109e-06
1080,there,2,7.492173374054332e-06
1044,subs,1,4.044743796234981e-06
1081,theres,1,1.3829886362767306e-32
721,my,1,3.093476580904351e-33
722,nation,1,2.0552539276525404e-34
68,any,1,0.0
567,ingenuous,1,-7.398295279400667e-34
5,19,1,-8.692733759227852e-33
125,believable,1,-1.9727690212623556e-32
752,of,10,-4.858937098228388e-06
1062,take,1,-4.966837324130299e-06
183,can,2,-8.642210520702633e-06
1218,wish,1,-1.234956235899226e-05
461,get,1,-1.592572592996141e-05
969,siesta,1,-2.1342571534186528e-05
1160,utter,1,-2.1823366402231138e-05
185,cant,1,-6.688619282838566e-05
121,beat,1,-6.852235525034033e-05
320,do,2,-0.00014915224070821958
850,print,2,-0.0002546226362545555
656,look,2,-0.00036467091575494593
1097,times,5,-0.000640644059564785
1167,veeeery,1,-0.0007526465858704877
258,creature,1,-0.0010385110688403121
662,loud,1,-0.0013060600702155519
1201,well,3,-0.0014530154684009912
767,or,1,-0.0014536076573013182
505,have,2,-0.001631717538656748
271,daughter,2,-0.0016665899222207512
1203,what,2,-0.0016878775072141005
471,goodwell,1,-0.0018033373280530536
778,overlong,1,-0.001847015555705271
85,as,15,-0.002370511811101257
373,essentially,1,-0.002411924313849588
772,out,1,-0.002666894186617565
29,absolute,4,-0.0026678239841189926
362,enough,1,-0.0028685817707856985
1118,trash,3,-0.0029067999390710707
981,slowly,1,-0.00296230685311657
839,predicatable,1,-0.0029669663176731514
938,scenario,2,-0.002973729216930031
748,observation,1,-0.0029978698242308075
245,considerable,1,-0.0030349449689620104
652,loljust,1,-0.003050774866718214
915,right,1,-0.003415193976917383
951,seem,1,-0.0034402256353218055
745,novels,1,-0.0034770180534073178
884,red,1,-0.003491951445192751
753,off,1,-0.0036097070572184906
319,diverted,1,-0.0037618442490665992
1240,writers,1,-0.0038439969922486627
310,direi,1,-0.0038755313046177756
1204,when,1,-0.0039176841491875775
1047,such,1,-0.00413601989551301
766,opportunity,1,-0.004263543374330402
741,nothing,2,-0.004274852068169839
785,panache,1,-0.004352411930237666
1099,timethank,1,-0.004451508109174398
710,money,12,-0.0044616402327289865
374,etc,1,-0.004472812840317599
574,interest,1,-0.004474680141899019
1169,very,12,-0.004545410036980516
953,seen,1,-0.004591588503700734
629,left,2,-0.00465107396240174
464,glass,1,-0.004824191190705789
287,depressing,1,-0.004908746736971666
483,grey,1,-0.004945336597935562
413,feature,1,-0.004958976880454887
559,in,3,-0.00505291124280849
198,cgi,4,-0.005275367092970183
692,merit,1,-0.005276395246417286
580,island,1,-0.005440221212952754
209,choice,1,-0.005500271415234403
528,honest,3,-0.005795357117082771
486,grit,1,-0.005802977203742395
184,cannot,1,-0.005951138331044419
1052,sunlight,1,-0.005958567167435507
508,hear,2,-0.006155284560876605
353,engaged,1,-0.00626142489329049
973,simple,1,-0.006290357025998664
961,series,2,-0.006551154828232747
457,generic,1,-0.006580273476133398
235,comparison,1,-0.006911696539389617
637,lifeless,1,-0.006970919550332899
520,hilarious,1,-0.007035982268947
903,repeat,1,-0.007038162444615312
636,life,5,-0.007482297810188322
418,few,1,-0.007561749319087663
659,lost,1,-0.007575236529277533
365,entertainment,6,-0.007970661769536794
707,mo,1,-0.0079728471537078
291,deserves,1,-0.007977205888996744
1073,than,3,-0.008012317133849586
375,euro,1,-0.008015464843450637
1246,yeah,2,-0.00808509084230798
90,at,1,-0.008205747593992641
1108,tone,1,-0.008285329207760924
1079,them,1,-0.00829462489146012
811,pick,1,-0.008302379818647438
822,points,1,-0.008348799856472484
1164,vaguely,1,-0.00840027098949352
650,loki,1,-0.008667376938148964
653,london,1,-0.00874740686322004
438,flat,1,-0.00883169203048549
301,died,1,-0.008921331096038104
1010,stages,1,-0.00892597837891784
1207,who,1,-0.009159801327229497
1082,these,1,-0.00923796070654807
376,events,1,-0.009391714421787052
511,helicopter,1,-0.00943394257443322
1202,were,1,-0.00945188303225252
302,diesel,3,-0.009586995171363017
1211,wick,1,-0.009600790317989905
534,hopelessness,1,-0.009602276723534853
352,endingthe,1,-0.009726783490237884
360,enormous,1,-0.009841292964662723
823,pokers,1,-0.01003595095365783
1126,trouble,1,-0.010080563227233814
130,better,10,-0.0101061083411394
566,indiana,1,-0.010429567145182918
768,order,1,-0.010442342314469564
1040,stunts,1,-0.010489770927215659
208,children,1,-0.010517124678041724
1228,word,1,-0.010587613895319616
65,annoying,1,-0.01062226404492306
1222,wolfs,1,-0.01064513214441067
990,son,1,-0.01069847925086328
187,carnahan,1,-0.010730660378699262
1244,xfiles,1,-0.010779284237141445
671,man,2,-0.010822978400823219
594,joined,1,-0.010980408955282548
1227,wooden,2,-0.0111623405311778
466,glories,1,-0.011306226314244718
1137,type,2,-0.01151813760764897
696,midway,1,-0.011522264436310535
770,other,1,-0.011596291085608336
304,difficult,3,-0.011739219767935564
912,revisiting,1,-0.011830846973066701
1133,turns,1,-0.011896536305514144
805,performances,1,-0.01190452450609718
39,actors,9,-0.011920997525228932
1198,weasel,1,-0.011999035323030654
1025,stops,1,-0.012058292308706378
493,hadnt,1,-0.01208325569975904
634,liam,2,-0.012185076057750344
563,incredibly,1,-0.012390436689127237
45,age,2,-0.012474662526285499
366,entire,1,-0.0125844992809158
129,bet,1,-0.012690423193413973
354,engaging,1,-0.012696189564264531
1219,with,9,-0.012716633414721495
176,bullets,2,-0.013064839666039618
815,place,1,-0.014323503388063664
1067,tedious,2,-0.014555897379088823
224,cohesive,1,-0.014737421457604658
830,portrayed,1,-0.014781562419766598
297,dialogue,4,-0.015014199078058907
422,fight,2,-0.015139077042284843
1213,will,1,-0.015202139968338463
661,lots,1,-0.015206946047998023
537,horses,1,-0.015268280195360773
172,brucy,1,-0.015449768137365379
21,50,1,-0.015483663800331714
1045,success,1,-0.015614869597620968
1119,travel,1,-0.01577198721443729
1075,that,3,-0.015918569548178028
911,rest,1,-0.01594589540225529
1030,strain,1,-0.016327868382949515
435,fired,1,-0.016419253989139796
802,people,2,-0.016427031233524143
898,remake,1,-0.01657798188818336
905,representation,1,-0.01679189856763642
392,extras,2,-0.016958368704960883
454,games,2,-0.01700766797508077
864,quite,1,-0.017282829445837398
341,effectscharacters,1,-0.017298149354862406
999,speech,1,-0.01735127387736471
293,detail,1,-0.01737497714974885
1000,speedy,1,-0.017422485891914665
458,generous,1,-0.01750402395683057
1123,tripe,1,-0.017789404338151796
936,say,1,-0.017800923815799844
87,asleep,3,-0.018023137873463563
828,poorly,4,-0.018181754608471365
93,attached,1,-0.018232671027505788
95,attention,1,-0.018268214373443975
717,moving,1,-0.01830245967362642
586,jacksons,2,-0.01835456508240287
824,polish,1,-0.01844442500434204
300,die,7,-0.018457538579699336
264,cut,1,-0.018555113074334117
818,players,1,-0.018578066452655733
148,bombing,1,-0.018625447884384343
161,bothered,2,-0.019061209543321894
552,ignore,1,-0.019108769527003806
255,craig,4,-0.01924299721193553
33,acted,1,-0.0192525044221518
539,hours,3,-0.019338998821252385
51,all,2,-0.01936544442620533
909,resent,1,-0.019762891933477866
91,atleast,1,-0.019799235088531767
686,meant,1,-0.019972030568290326
1055,sure,1,-0.020018457479792643
708,moments,1,-0.020092675718673594
406,fantasy,1,-0.020144634229098828
1089,tho,1,-0.020335749195008447
590,job,2,-0.02083559957803812
433,finesse,1,-0.020881053195442745
420,fi,3,-0.020898282552670237
894,rekindle,1,-0.02105002372777649
455,gamesthe,1,-0.021062569959272942
589,jay,1,-0.021323322355128495
254,cracked,1,-0.02152862643468562
256,cranked,1,-0.021748682542380292
668,lve,1,-0.021945483271018428
108,b,3,-0.022118900744396413
564,independence,1,-0.022263053489355762
317,distinctly,1,-0.0222795677190143
497,hanks,1,-0.02243523574681697
865,ran,1,-0.02251526117274851
575,interesting,2,-0.022633215523673852
838,predecessors,1,-0.02283722402244477
36,actionadventure,1,-0.02296674918427814
1112,totally,1,-0.023109500162373214
546,hunger,3,-0.023140290123891082
8,2,8,-0.023199075176083685
10,2h,1,-0.02323032503555638
1221,woeful,1,-0.02332268268808221
431,finding,1,-0.023452999363860468
385,execute,1,-0.02367067994364847
1071,terrorist,1,-0.02383038105142725
927,runner,3,-0.02398800073631267
1024,stopping,2,-0.024157822915112117
261,cry,1,-0.024217284625894564
213,cinema,1,-0.02433487965229213
887,redeeming,1,-0.024470469634925923
331,drunk,1,-0.024564805061246902
1197,weak,4,-0.024673337119736478
0,1,5,-0.025421335332785962
628,leave,1,-0.025424127457608994
931,russell,1,-0.02544123054556217
726,neeson,1,-0.02555324625326395
491,guess,2,-0.02555730988780706
137,blade,2,-0.025624555700394017
80,appears,2,-0.025984122495110874
1147,unexplainable,1,-0.025998318092090942
522,hire,1,-0.02610720764928548
541,hrs,1,-0.026109649715159795
419,ffilm,1,-0.026121531913222237
983,small,1,-0.0261216135637496
1060,switched,1,-0.026328583495782248
603,kick,1,-0.026583865283633854
1107,tomorrow,2,-0.026795505276585394
58,america,2,-0.026812026603269045
523,hired,1,-0.026879894645653334
23,70,1,-0.026928820125057144
1049,suitable,1,-0.027029801262165754
532,hopefully,1,-0.027046832789323
42,advertised,1,-0.02731744424440348
625,lazy,1,-0.027452263765315777
355,english,1,-0.027520688157435448
1140,unbelievable,1,-0.02773538577671732
109,backif,1,-0.027877471295775454
1064,teabag,1,-0.02806164907358384
476,grandchildren,1,-0.028436122629118682
1249,youdavid,1,-0.028612727991108044
813,pilots,1,-0.02866434551996271
918,robbed,1,-0.028679916362624985
17,45,1,-0.028722414540642838
144,blunt,1,-0.02898411959786941
424,filled,1,-0.02908606119235707
565,indescribably,1,-0.029249787205494496
143,blood,1,-0.029326735629460848
1129,trying,1,-0.029637302995676202
475,grand,1,-0.029727188529637603
678,massive,1,-0.029802024811689934
799,paying,1,-0.029807155981826042
550,ideas,1,-0.029808356279207634
307,dimly,1,-0.02988593766477465
1028,storyline,4,-0.029892728011020907
1193,watered,1,-0.029947214883587044
604,kid,1,-0.029964647813329238
835,practically,1,-0.03005946547838969
1183,warfare,1,-0.030095242943056995
712,month,1,-0.030145301292851194
899,remember,1,-0.03044466736942338
860,public,1,-0.030445344249950906
1132,turning,1,-0.03053907719443957
527,hollywood,1,-0.03067030517470356
569,inspiring,1,-0.030683228739835193
142,blockbuster,1,-0.030714865740712492
816,places,5,-0.030960704556972994
378,exact,1,-0.031379267945093506
217,cliche,4,-0.0314810887923693
595,jumps,1,-0.0315607322954452
338,earth,1,-0.03165332878921402
469,goodi,1,-0.0317846924576126
201,changed,1,-0.031912154781744466
846,pretty,3,-0.03197080083994457
396,faffy,1,-0.03205851043049422
494,half,3,-0.03218222074395414
266,dad,1,-0.0324195070444239
1036,stuck,3,-0.032451000853853475
695,met,2,-0.03255826142384748
1014,star,4,-0.03263274435892187
669,made,2,-0.03266838647670625
1174,vin,1,-0.03289153632682622
328,dreadful,1,-0.03289782934165754
684,meaningless,1,-0.032962821031243573
1051,sums,1,-0.032973037655552526
890,reeves,1,-0.03301489035524099
607,kill,4,-0.033026546356482354
1116,trailer,1,-0.03325634638792975
199,chance,1,-0.033475342588171864
979,sloppy,1,-0.03357753444254331
988,solid,1,-0.033610090816938505
641,line,6,-0.033736373933012764
683,meaning,1,-0.03375574450380298
958,sent,1,-0.033768295699427485
622,landmarks,1,-0.03394551008495252
228,comedy,2,-0.03410494561798988
845,pretentious,2,-0.03427186631535657
237,completely,5,-0.03452668159319768
1245,xxx,1,-0.0347127237483383
1009,spoon,1,-0.03488007446507717
34,acting,3,-0.034946848693074656
298,dialogues,1,-0.03524924384963978
878,reasonother,1,-0.035308256563324945
136,bizarre,1,-0.035421022080562796
368,episode,3,-0.035503932961968486
246,continuous,1,-0.03558029644248446
175,bull,1,-0.03569595891706694
608,killing,1,-0.035723036924286806
477,grandson,2,-0.035800025595006627
326,draw,1,-0.03600821237025248
157,borrowed,1,-0.03602098798886782
705,missing,1,-0.036084660651299796
382,excitement,2,-0.036157852663179335
248,cookie,1,-0.03623747879457569
547,hype,1,-0.03644440607454883
1175,vinci,1,-0.036527221966902126
22,7,1,-0.03665608600340181
391,explain,1,-0.03684687487251942
1042,style,3,-0.036865263553522036
1145,underwhelming,1,-0.03698666016158238
124,belief,1,-0.03698687639273645
102,awards,1,-0.03713421225150644
960,sequel,3,-0.037186571994761525
242,confused,1,-0.037195911440165846
858,props,1,-0.037328065131341265
218,cliches,2,-0.03754752654475038
562,increase,1,-0.03780607114111529
1237,woudl,1,-0.03793343769958316
31,acceptable,1,-0.038068695589175264
1022,stop,1,-0.03815708259721812
798,pay,3,-0.038258664178617445
197,certainly,4,-0.03835836889352515
48,alas,1,-0.0384476647988227
410,faultless,1,-0.038487510460222786
1106,tom,3,-0.0385649300057072
146,blurry,1,-0.0386148599891541
994,sounds,3,-0.03870647263828759
807,period,1,-0.0394462811684055
925,ruggedly,1,-0.03945682413828358
415,feels,1,-0.0397541361046543
397,failed,1,-0.0397786050944275
1158,usual,1,-0.03986354845500622
14,370p,1,-0.040199568872759
673,mans,1,-0.04024837499026723
160,bother,5,-0.04025165186104458
518,hiddleston,1,-0.040337576162234635
1091,thought,7,-0.040346903283272
844,pretend,1,-0.040364574713002394
421,fiction,1,-0.04056133303829695
377,eventually,1,-0.04070413639130035
570,instead,8,-0.040734987146806734
416,felt,7,-0.04074603395997574
516,heroes,1,-0.04085012074144902
268,dan,1,-0.04092486969895505
452,fun,15,-0.04093773211900724
381,exceptional,1,-0.041062040429431575
1243,wrong,1,-0.04143183147463209
820,plots,2,-0.04195239758225279
1178,visuals,2,-0.04230758920909255
126,believe,5,-0.0423721893436198
609,kills,2,-0.04252157095744534
599,katniss,1,-0.04252435191336647
334,dulled,1,-0.04278522090776889
1026,stories,1,-0.042785886755379504
649,loads,1,-0.04297984621432042
278,decent,8,-0.043084920071488474
456,garbage,5,-0.04319772520560959
872,realising,1,-0.043323498191605546
1165,value,2,-0.043345388763260655
189,cars,1,-0.04359527169257467
658,looks,1,-0.04403884279719587
462,giant,1,-0.0441999361660094
1113,tourists,1,-0.04424659535612756
1,10,1,-0.044342195632605205
98,avatar,1,-0.0443669947237317
1144,underused,1,-0.04454323429135178
582,italian,1,-0.044971204546481625
841,prefer,2,-0.045183387317081464
1230,work,5,-0.045266457451914974
411,favourite,2,-0.045390127710910236
826,poop,1,-0.04545549924084683
211,choreography,1,-0.04546181031903345
923,rubber,1,-0.04550171607885642
888,redemption,1,-0.04581071169299597
1195,ways,1,-0.04583110741902329
150,bondlike,1,-0.04584025238914671
620,lacked,3,-0.04602574650955607
251,couple,1,-0.04605460672022738
631,let,3,-0.04616221974873184
193,cash,3,-0.04629442629487072
484,grillo,1,-0.04633424241699356
138,bladerunner,1,-0.04640736683877634
131,big,2,-0.046521032003319994
270,dark,6,-0.04655111310181193
626,learn,3,-0.04670935355101281
361,enother,1,-0.04687529563417896
782,packaging,1,-0.0468860796763231
447,franchise,3,-0.04693698197107216
704,missed,1,-0.046988019333870375
52,allows,1,-0.047163010697398304
194,casino,1,-0.04722057425234416
1059,survive,1,-0.04734518320775344
789,particular,1,-0.047531504785650054
1085,thinking,1,-0.0475946862495517
922,royale,1,-0.04768212485466035
963,shadow,1,-0.04796672155993471
274,days,1,-0.04809122459927893
593,johnny,1,-0.04811602814487045
30,absolutely,2,-0.04819055498855102
957,sense,4,-0.04824019149242532
69,anymore,1,-0.04891566496973721
883,record,1,-0.049140139564859985
1115,track,2,-0.049299616146712584
118,based,1,-0.04950961224987004
309,direction,1,-0.05003866126588529
1098,timescales,1,-0.05004730280246224
133,birthday,1,-0.05104456727782972
154,bored,4,-0.05127616987421235
645,lit,1,-0.05143189331677422
111,baddies,1,-0.0514524558936169
831,possibility,2,-0.05146395837272334
1226,wonderland,1,-0.05173423851738594
756,oka,1,-0.052350783344995676
1194,way,8,-0.05245491167160066
305,digital,1,-0.052625069094041514
141,blindly,1,-0.052863811492487624
482,greatgood,1,-0.05305639799593887
1209,wholesome,1,-0.05321859669167988
526,holes,3,-0.053402076406448805
624,laughter,1,-0.05361794033950497
1170,vid,1,-0.05362756376807514
275,dead,1,-0.0536935492473739
473,gorgeous,1,-0.05406178580316583
985,snake,1,-0.0541096730155162
549,idea,3,-0.05412891202475297
1095,till,1,-0.05430513917706372
618,kudos,1,-0.054472513502279926
506,head,2,-0.054818001048474674
1088,thisso,1,-0.0548379932767134
140,blessing,1,-0.05509532511945917
1076,thats,1,-0.0552627948613259
614,knowing,1,-0.05532363174176951
145,bluray,2,-0.056096959126890514
665,lovefilm,1,-0.056519249445184605
1159,usually,2,-0.056925836614703455
449,fresh,2,-0.05695702866605222
989,somewhat,1,-0.05704424104712053
955,self,2,-0.05704849818321681
15,3d,2,-0.05724037681243993
675,mark,2,-0.057688373058037604
1220,withforwithin,1,-0.057696113025226314
407,far,12,-0.05786584272895784
728,nevertheless,2,-0.05806135908176988
1027,story,74,-0.0580694729736393
423,figures,1,-0.05814259121295627
615,knowledge,1,-0.058174039570378075
910,resonance,1,-0.058283207137837655
257,crap,1,-0.05833802037887847
857,properly,2,-0.05837245403733046
44,aficionados,1,-0.05840844408831159
1001,spell,1,-0.058775142151574235
729,new,3,-0.059040509959413644
163,bound,1,-0.05920322740726034
784,paid,3,-0.05947294154345737
337,earlier,1,-0.05950623399328388
389,expecting,10,-0.059552679028740396
232,company,2,-0.05981062490513804
240,concept,7,-0.05983082953846637
676,marketing,1,-0.05986515636812039
592,john,3,-0.0600439294288199
966,shocking,1,-0.06015683456770401
340,effects,13,-0.060194249072029755
906,request,2,-0.06030685545469529
19,4star,1,-0.060367187512431454
521,hill,1,-0.060583663011118234
648,load,2,-0.060738717410320046
117,bargain,1,-0.06075464686631227
1124,trope,1,-0.06087002096701082
225,combination,1,-0.06116147799087437
913,ridiculous,5,-0.06132050230020462
329,drivel,2,-0.0623665492134482
606,kids,3,-0.06256779069142317
790,particularly,1,-0.06266590339568129
115,bangs,1,-0.06282133916341075
842,premise,4,-0.06298843228964016
219,climate,1,-0.06303301861638085
901,rental,1,-0.06322186662169134
880,received,1,-0.06322918270889719
1111,total,4,-0.06327225306177355
276,deaf,1,-0.0633940896177385
43,affects,1,-0.06436804256455593
120,bearable,1,-0.06437643243007135
443,forget,3,-0.06465005644935369
693,mess,4,-0.06472783518260036
369,episodes,1,-0.06484806774744209
553,ill,3,-0.06501750804558895
311,disapointing,1,-0.06538827014866813
895,relationships,1,-0.06539477133508417
306,dimensioni,1,-0.06591211285402761
701,minute,1,-0.06597804988941611
702,minutes,14,-0.06613357870221002
269,daniel,2,-0.06614659640492816
1231,works,4,-0.06687890735091971
1125,tropes,4,-0.06697896878745442
149,bond,14,-0.06714120614489241
536,horse,1,-0.06729016638185845
875,reason,3,-0.06765619677087008
89,ass,1,-0.06822867923789423
1069,tense,1,-0.06833031767953705
336,dvds,2,-0.06840636078595597
1188,wasted,6,-0.06862820923074271
561,inconclusive,1,-0.06870405002580858
1094,thrills,2,-0.06884901742186596
759,old,7,-0.06890860649574337
667,low,2,-0.06904257525733315
181,calm,1,-0.0692030313231067
743,noticed,1,-0.06977209861216437
386,expect,7,-0.06977745189691935
832,possibly,1,-0.06998253183418007
1018,station,1,-0.0700429672743608
470,goodies,1,-0.07060776941566412
758,okish,1,-0.07109500059957141
525,hole,1,-0.07115998317081933
930,rushed,3,-0.0718810046842496
933,sadly,2,-0.0719009090397974
247,convincing,3,-0.07191101652237837
1152,unplayable,1,-0.07197178640837687
646,little,20,-0.07207174137808138
153,books,2,-0.07214455748862758
690,memories,1,-0.07226716532108668
325,drag,3,-0.07295391719227237
840,predictable,20,-0.07307950301500174
166,brainless,1,-0.07312209709138925
88,aspect,1,-0.07343119474029691
114,bang,1,-0.0734900628092094
272,daughters,1,-0.07406018897627446
152,book,10,-0.07411620820636675
808,personally,2,-0.07416898574593934
1156,usa,1,-0.07419686114045937
399,fairly,1,-0.07422570990606886
754,oh,6,-0.07431104307641312
971,similar,4,-0.07445079593183421
177,burner,1,-0.07485082785503577
647,live,3,-0.07493303785918207
94,attempt,1,-0.07516373157067262
771,ott,2,-0.07616628483745816
573,intense,1,-0.07633011721292308
1186,wasnt,1,-0.07690097169264573
568,inside,1,-0.07774483329195919
253,courses,1,-0.07808817497507825
837,predator,1,-0.07826041345778627
819,plot,47,-0.07896722927934206
941,scenes,5,-0.07978209526140222
290,deserved,1,-0.08018228294643512
619,lack,4,-0.08028236923528095
635,liams,1,-0.08046327497547381
1206,whilst,3,-0.08080070695150239
40,adventure,1,-0.0811123087599151
206,cheap,3,-0.08124067493800198
192,case,1,-0.08208869218066858
333,dull,7,-0.08222789392326231
96,audience,1,-0.08262830069381183
11,2hrs,1,-0.08272858769389399
571,intelligence,2,-0.08311491503410799
430,find,5,-0.08325256566281382
765,opinion,2,-0.08338045947936053
769,original,23,-0.08342917379962791
1008,spoiled,2,-0.08369899655355537
993,sound,6,-0.08446623647858664
585,jack,1,-0.08457588576927018
640,likely,2,-0.08485164345423528
1130,turgid,1,-0.08505745431385012
1234,worst,15,-0.08517819074423232
793,pass,3,-0.08587062795470639
1233,worse,8,-0.08626647866218133
682,mean,3,-0.08640593706024337
794,passing,1,-0.08648167378904696
685,means,5,-0.0872896664711839
112,badly,1,-0.08797671677982073
870,reading,1,-0.08798994327939079
542,human,1,-0.08874653367314465
7,1st,1,-0.08927504748304331
515,hero,1,-0.09020357450262743
1139,ultimately,3,-0.09072094669347817
900,rent,1,-0.09083019146188466
1131,turn,5,-0.0908557409266961
873,reality,1,-0.09088811191316816
885,redeem,1,-0.09115839366740777
597,justice,2,-0.09201242987190156
379,exactly,1,-0.09225039635637047
965,shame,5,-0.09267023371087106
492,gun,2,-0.09289782023449461
313,disappointed,13,-0.09418239765912863
974,simply,1,-0.09442078404116434
205,characters,3,-0.09463334611841749
488,ground,1,-0.09509804609266513
940,scenerythe,1,-0.09601864186532368
1212,wife,3,-0.09651821711198733
709,momentsworth,1,-0.09703203028911014
1033,strangely,1,-0.09752358417307617
627,learned,1,-0.09754995315854206
531,hoped,2,-0.09814162304352082
417,fetched,2,-0.0986487218306212
760,older,2,-0.0992533685946349
786,pants,1,-0.10034647863093078
503,hate,4,-0.10050256183725931
97,audio,2,-0.10059773232974634
787,paper,1,-0.10068022629071738
100,avoid,5,-0.100704301189119
263,cup,1,-0.10073346080021933
46,air,2,-0.10217732438065051
174,building,2,-0.10233490814661933
233,compare,1,-0.10266398091040632
698,mind,4,-0.10347819340818601
84,arse,1,-0.1034905709260046
323,dozen,1,-0.10353615928599191
1084,think,6,-0.10365346066477395
75,appalling,1,-0.10438474761218317
1041,stupid,4,-0.10485818946825734
210,choose,1,-0.10489404175629899
724,near,6,-0.10570645704002406
60,americans,1,-0.10612862786577716
1023,stopped,1,-0.10622169786790538
587,james,1,-0.10694736828264369
924,rubbish,14,-0.10697392959906407
926,run,2,-0.10706940078388329
295,device,1,-0.10749352332139789
632,lets,2,-0.10772769113047943
487,gritty,1,-0.10810201409904838
99,average,9,-0.1082160969234343
55,alternative,1,-0.10855079454472355
877,reasonably,1,-0.10871874143250004
1135,twist,4,-0.1091160324228037
158,boss,1,-0.10927680063579388
803,perceived,1,-0.11039951895073544
1070,terrible,15,-0.11115763035510437
1136,twists,1,-0.11121063800372753
773,outcome,1,-0.11173956720085891
134,bit,38,-0.11180715868011012
132,bin,1,-0.11224304866700098
13,35,1,-0.11281561591534335
977,sleep,1,-0.11290512595139648
241,concerned,1,-0.11334574059205675
1187,waste,21,-0.11459462644443666
156,boring,11,-0.11474853384614488
517,heros,2,-0.11553783099119427
1072,terrorists,1,-0.11602234781729197
1151,unnecessary,1,-0.116129360718974
849,prime,6,-0.11743561227082504
809,philosophical,1,-0.1181421381540317
1138,typical,2,-0.11841818684457431
946,script,18,-0.11848186461601976
543,humans,2,-0.11851842755168882
322,door,1,-0.11889029781662734
507,heads,1,-0.11892180233199981
1128,try,3,-0.12008410238426413
821,pointless,2,-0.1209101616313192
283,deliberately,1,-0.1211294010424794
1120,tried,3,-0.12122064784274598
1013,standard,1,-0.12168944150016625
260,credit,1,-0.12175569498459728
651,lol,1,-0.12209273771762427
1003,spending,1,-0.12268620985824992
412,fear,1,-0.12375851752628984
116,barely,3,-0.12430341828578333
1143,understoodand,1,-0.12432832267124795
583,item,2,-0.12433424371467579
740,notes,1,-0.12464756273716508
670,mail,1,-0.12552292807225057
2,12,3,-0.12621707845118643
1199,weird,1,-0.1272010246642029
827,poor,34,-0.12739268838966547
871,real,8,-0.12767001110839155
1229,words,2,-0.1281893247385493
706,mission,1,-0.12846004555168924
284,delivered,1,-0.128858764194615
980,slow,19,-0.1289496729423189
388,expected,11,-0.1290933780647128
1031,stranded,1,-0.12968407100823393
535,hopes,1,-0.13056752640730504
1155,unwatchable,1,-0.1319938730338841
110,bad,44,-0.1323436697397955
286,demogorgon,1,-0.13420403239209988
917,roads,1,-0.13451995668004033
1190,watchable,11,-0.1359491103955185
71,apart,4,-0.13600487093605768
207,cheesy,1,-0.1363613518234671
997,spectacular,1,-0.13668971339208838
916,road,1,-0.13752363780949892
106,awful,11,-0.13758900788493503
24,810,1,-0.13904567629148334
496,hands,1,-0.13958602951814977
928,running,4,-0.1400246396558273
751,odd,1,-0.14055061413122472
227,comedic,1,-0.1409548083777273
736,nononsense,1,-0.1423189168161039
876,reasonable,1,-0.1433169979162222
576,interstellar,1,-0.14373252607616105
868,reach,2,-0.1437935064053098
633,levity,1,-0.14539968436503692
1005,spine,1,-0.1472762876775417
921,routine,1,-0.14731631084755129
856,project,1,-0.1483686310085358
530,hope,4,-0.14964207367276997
879,reccomend,1,-0.15066670268637566
1142,understand,4,-0.15084205770018072
32,accepted,1,-0.15091806982946887
243,confusing,3,-0.1518525074946658
49,aliens,3,-0.15224323188762184
1050,sum,1,-0.15576579128511062
688,mediocre,6,-0.15635048787531436
215,clearly,4,-0.15985481099520005
74,app,1,-0.1602589933776966
897,reload,1,-0.1605695904129318
1146,unexpectedly,1,-0.16218512636501278
510,heists,1,-0.16252161660713194
744,notices,1,-0.1629898520746949
742,notice,1,-0.1637376583481922
672,managed,1,-0.16431695427113177
825,politician,1,-0.16478957957432125
168,broken,3,-0.16549128392041093
588,japanese,1,-0.1660828083900554
934,safely,1,-0.16615266775951654
398,fair,5,-0.16713258444573106
949,secret,2,-0.16815787742022925
1011,stallone,1,-0.17044449906857237
869,read,6,-0.1712050402449313
737,nonsensical,1,-0.17227221877546356
440,fly,1,-0.1725437408108335
976,skyfall,5,-0.17415607992397975
314,disappointing,7,-0.17543122611272088
800,pc,1,-0.17636074266654822
414,feel,5,-0.17636491859224418
446,found,6,-0.17688394958607054
1007,spoil,1,-0.17765299079089994
968,shoot,1,-0.1798705155104516
165,brain,4,-0.18100373765169347
855,productionthis,1,-0.18195354500775057
294,detracts,1,-0.1833538647987757
621,lacks,3,-0.18414531574191226
472,goos,1,-0.1859016164981456
1148,unfortunately,5,-0.1871672024082233
1157,useless,2,-0.18859463467715898
886,redeemed,1,-0.1890254098257399
513,help,1,-0.1955633725906539
504,hated,1,-0.19818657760363945
1177,visually,2,-0.20018954505249748
222,code,3,-0.20059961845091334
135,bits,1,-0.20230103729279142
755,ok,31,-0.2025748123672108
345,em,1,-0.20358082899779847
327,drawn,2,-0.20691409733372937
777,overall,1,-0.2072763015835073
169,brosnan,3,-0.20819895064489688
796,pathetic,1,-0.21069463302132838
902,rented,1,-0.21543569827227324
694,messes,1,-0.21869886770820834
611,king,1,-0.21975025043648605
514,helped,2,-0.23555343334916332
956,send,1,-0.2376187744461603
267,damn,2,-0.24099441603495028
735,nod,1,-0.24769783240432347
1015,stars,1,-0.2497651832951304
757,okay,2,-0.25232740546170335
1054,superior,3,-0.26340467129094564
738,nonstop,1,-0.2691014590746826
1216,wing,1,-0.27272427186248266
892,region,1,-0.2738142878133627
28,abrupt,2,-0.281609143126543
324,dr,1,-0.2850921887137036
1224,wonder,1,-0.2855023604014708
216,clever,1,-0.2901163561883173
643,lines,1,-0.30352388373763
342,efficient,1,-0.3072825644456877
400,fairness,1,-0.30985552653365667
1154,unusable,1,-0.3124582153069337
230,comments,1,-0.33884569834774797
252,course,1,-0.34291516837386754
53,alright,2,-0.34330588100545745
861,purchasers,1,-0.37108910921333343
719,mum,1,-0.38150480118545865
727,netflix,1,-0.3958025163882522
847,previous,3,-0.42629790201060397
76,appeal,1,-0.44490402654570843
238,complex,1,-0.4695017619965607
1121,trillion,1,-0.8152313188043905
